name,surname,dateOfBirth
Berte,Antyshev,29/8/1990
Iseabal,Knell,22/6/1988
Shurwood,Sarl,20/8/1984
Katie,Graser,3/9/1993
Shaughn,Buyers,1/4/1989
Natale,Rennenbach,5/3/1998
Giacopo,Guisot,21/12/1988
Biddy,Gilleson,27/2/1981
Katha,McBay,11/8/1980
Ritchie,Nannizzi,27/12/1980
Guglielmo,Kuhlmey,4/8/2001
Colene,Stott,17/5/2002
Berkley,Corrett,3/7/1988
Kim,McAree,15/8/2002
Agretha,Coping,25/6/1988
Chad,Hoffmann,6/5/1992
Ted,Learoyd,23/6/1997
Rupert,Dellenty,20/5/1990
Fielding,Stoffersen,11/12/1982
Almeria,Reeves,3/9/1996
Loren,Goudman,9/1/2002
Jorgan,Gowenlock,22/6/1992
Joellen,Gyse,28/7/1983
Annora,Benmore,12/6/1996
Vic,MacBarron,5/12/1995
Silvano,Corston,14/9/2002
Celle,Hinrichs,30/7/2002
Jordan,Saunier,27/3/2003
Konrad,Calderon,13/5/2004
Feliks,Berrane,12/1/1998
Christal,Roden,3/11/1992
Bridie,Klaussen,24/1/2001
Janean,Pelosi,16/4/1991
Lyn,Arrington,2/9/1993
Timothy,Holdron,27/1/1997
Grace,Corstorphine,8/3/1989
Ikey,Keepence,25/11/1989
Talya,Ferrarin,30/6/1986
Billie,Howieson,26/6/1980
Irina,Blaydes,20/12/2004
Freemon,Learmount,4/2/1991
Conrado,Seagrave,5/10/1991
Sumner,Gatchell,10/9/1980
Care,McAreavey,8/8/1987
Jarvis,Rogier,8/11/1993
Gale,Defraine,19/5/1997
Wilone,Morphey,3/5/1985
Urban,Housam,14/7/1989
Liv,Rawnsley,6/6/1984
Lucius,Rumble,30/10/1983
Sidoney,Heasly,10/2/1984
Uriel,Weekly,11/7/1987
Demetris,Whewill,10/5/2000
Merrielle,Gerrelts,21/9/1988
Ketti,Duligall,13/7/1990
Maisie,Lahy,20/3/1982
Clerkclaude,Deppen,31/8/1998
Wright,Peile,23/10/2001
Rutherford,Tremain,5/8/1994
Aubry,Yanson,3/4/1988
Ruttger,Gonthard,9/10/2004
Lenee,Mithon,31/5/1986
Albertine,Leckenby,2/10/1987
Cybill,Prendeville,10/10/1996
Gwenny,Getley,14/11/1998
Sigismund,Harpur,25/3/1998
Perle,Emanulsson,16/11/1997
Keefe,Klimmek,13/11/2004
Vevay,Zoppo,9/9/1990
Stu,Faircliff,4/3/1996
Kevon,Brisse,16/11/1992
Gael,Chadband,27/6/1982
Eduardo,Deport,3/2/2001
Raynor,Pargeter,5/12/1983
Tobye,Impy,24/1/1985
Emelen,Vicker,30/9/1989
De witt,Perott,22/9/1982
Aryn,Durtnell,19/3/1992
Trev,Gellately,17/11/1992
Francesca,Hallen,15/10/1982
Jesse,O'Cannavan,31/3/1991
Maia,Goodinge,7/10/1989
Meta,Budding,17/3/1984
Gilli,Brickell,14/10/1997
Liz,Di Franceschi,4/8/1987
Alla,Almond,10/12/1980
Herve,Suggey,15/8/1983
Adriane,Fulham,7/4/2004
Moe,Axford,25/6/1989
Bibby,Radwell,30/6/1981
Elise,MacGlory,9/7/2004
Fiona,Gavozzi,20/9/1999
Barthel,McMurty,1/3/1993
Osbourne,le Keux,8/4/2003
Anita,Bradnick,1/3/1997
Garald,Wapol,6/8/1998
Staci,Titta,31/12/1981
Jimmie,Label,22/11/1989
Bren,Fessby,19/9/2000
Rebekkah,Hearns,7/11/2004
Gustaf,Shevell,26/1/1986
Tiler,Bremond,5/7/1982
Brent,Bugler,17/6/2002
Lorne,Aitken,25/5/1995
Ranique,Broadwell,8/2/2001
Adel,Francesco,11/7/1985
Alana,Michelotti,13/12/1983
Georgeta,Strase,14/5/1989
Aliza,Liversley,28/10/1988
Hana,Frissell,18/3/1992
Noni,Bright,28/7/2004
Karlotta,Spatig,24/4/1991
Cristal,holmes,10/12/2002
Tonia,Wogdon,15/4/1996
Jeanna,Fells,8/6/1999
Evy,Yellowley,9/8/2003
Gannie,Record,2/2/1981
Nadya,Bramer,30/10/1991
Starlene,Muxworthy,11/3/1997
Chaddy,Hardiman,17/9/1999
Zorana,Hatliff,9/10/1996
Craggy,Fitzsimmons,9/10/1986
Barnard,Champneys,28/2/1991
Evangelin,Akast,25/11/1988
Amerigo,Mathouse,19/2/1999
Nataniel,Tamblingson,23/8/1997
Aeriela,Stening,16/3/2001
Daniele,D' Angelo,13/11/1989
Armando,Goadby,11/2/1993
Marigold,Scowen,17/3/2000
Devy,Oak,2/3/2000
Fara,Simoneschi,12/12/1984
Rici,Gonoude,31/10/1980
Marlin,Birtonshaw,12/1/1995
Rikki,Willmetts,13/1/2002
Matthiew,Graham,26/11/1980
Hallsy,Cubuzzi,9/6/1981
Rae,Chesney,25/9/1980
Jolee,Kenion,13/6/1985
Ginevra,Worsnip,26/3/1995
Lindy,Djurisic,15/11/1988
Nessy,Sellner,18/12/1984
Farleigh,Vercruysse,4/10/1981
Dew,Dressel,16/4/1992
Manuel,Simla,10/12/1999
Electra,McGibbon,17/9/1989
Wolfy,Petrus,4/6/1986
Shina,Casseldine,12/3/1989
Trace,Abrashkin,6/3/1990
Russ,Brabin,8/3/2000
Petey,Elphee,27/1/1980
Cinda,Schimann,7/6/1996
Nolana,Netherwood,15/1/1989
Carissa,Pratley,26/6/1986
Colas,Pharro,19/1/1988
Ralina,Giovanizio,26/8/1997
Tammy,Surmon,9/2/1983
Lillian,Docker,14/1/1993
Zilvia,Vargas,31/10/1999
Pip,Follan,27/6/1985
Franny,Tommei,15/7/1985
Jillayne,Tremblot,28/8/1987
Maurise,Sacaze,4/8/1989
Kimmi,Blaik,1/4/2000
Sloane,Channing,22/5/1995
Koressa,Congdon,16/8/2001
Nerte,Crawcour,18/2/1997
Klement,Tuddenham,14/4/2001
Hanan,Blanking,22/8/1997
Sofie,Megarry,19/1/1993
Garold,Spurett,10/11/1983
Gustave,Leger,19/12/1984
Minny,Windless,6/6/1996
Egbert,Gallymore,18/3/1988
Shelbi,Rosborough,3/11/1980
Sanford,Falconar,13/11/1988
Giorgia,Fadden,8/5/1983
Keelby,Ivasyushkin,3/8/1992
Aimil,Bronot,28/3/1989
Nola,Tomankowski,28/12/2000
Bink,Rosenboim,8/11/1984
Manfred,Aspinwall,28/12/2002
Honor,Trembey,22/5/1988
Gerry,Coade,23/10/1987
Haywood,McFayden,8/10/1997
Sadie,Yelyashev,21/12/1990
Glennie,Barhims,9/8/1999
Elsworth,Boij,28/12/2003
Ruth,Chalker,11/4/1999
Prudy,Gregolin,7/10/2001
Leeann,Dawidsohn,10/9/1997
Netty,Breache,2/9/2001
Marshal,Finlaison,8/9/1988
Kerby,Kovalski,19/5/2003
Omar,Derisley,8/1/1983
Elladine,O'Dennehy,3/11/1998
Neil,Sarll,19/2/1983
Willie,Sakins,3/2/2004
Ardelis,Claridge,16/11/1984
Toddy,Strapp,23/8/1980
Nicky,Merry,16/12/1989
Gael,Vyvyan,26/8/1992
Dawna,Ketch,6/3/1990
Johny,Stockin,12/6/1991
Schuyler,Steinor,15/2/2001
Kitti,Lowrey,14/3/2001
Lanie,Cruise,30/5/2004
Dulsea,Lightman,13/2/2001
Gerardo,Glendza,31/3/1989
Lida,Bearman,17/9/1997
Shandeigh,Taggerty,12/3/2000
Hale,Eastgate,3/3/2000
Martina,Nucator,5/6/2002
Orsola,Blacket,4/11/1989
Marylin,Imore,27/10/1997
Katerine,Yezafovich,3/4/1990
Tedra,Ginnell,11/9/2000
Jasmine,Dallon,14/6/2001
Lura,Rizzillo,5/8/1985
Modestine,Dredge,16/7/1984
Freda,Matas,31/7/1986
Masha,McAsgill,12/9/1996
Nolana,Fathers,19/12/1983
Clifford,Crayden,1/3/2002
Maxie,Finnigan,25/7/2002
Brice,Waliszek,22/7/2004
Melisenda,Rushmer,24/5/2004
Kalinda,Boddy,30/7/2001
Daveta,Tukely,16/5/1992
Bonnibelle,Doxey,26/4/1998
Ryan,Van Arsdall,31/10/1980
Glennie,McGarrity,29/7/1984
Janessa,Wellesley,4/5/1999
Bonnee,Bontein,16/10/1988
Berny,MacFall,14/7/1982
Winnie,Skirvin,7/1/1989
Coral,Kobiera,15/6/2004
Scarlet,Immings,15/7/1983
Eddi,Stefi,24/6/1994
Padraig,South,14/9/1998
Pearl,Moultrie,4/6/1980
Jamal,Muckley,6/5/2001
Lona,Abrahamsohn,13/3/1983
Jacky,Bruneau,28/8/1982
Jamil,Pulster,11/11/1985
Dare,Roxby,18/6/1988
Garek,Anelay,4/4/2002
Berty,Syvret,26/5/1984
Nana,Tyhurst,12/10/1993
Brewer,McCathay,13/3/1980
Karyn,Dufty,12/1/1989
Hakeem,Kelemen,25/12/2000
Alexia,Humfrey,4/8/1982
Morgan,Hendrix,14/5/1997
Edie,Tosh,23/6/1998
Pamella,Greenhalgh,29/4/1998
Florella,Stroobant,16/4/1997
Gratiana,Litel,3/7/1987
Siusan,Mattiello,29/10/1991
Silvan,Yateman,25/12/1989
Haskel,Ellwell,16/7/1997
Cornelius,Klauber,15/7/2001
Breanne,Everley,23/10/1990
Rorke,Zima,11/3/1988
Giraldo,Dredge,25/2/1999
Bonnibelle,Madelin,10/1/1995
Hurlee,Izod,30/6/1985
Sylas,Bracher,18/5/1994
Dasha,Lea,9/9/2003
Jaquenetta,Girardot,5/11/1980
Willie,Spinke,21/1/2004
Virginie,Dowsey,24/9/1984
Jereme,Dunn,23/10/2002
Rebekkah,MacAllester,4/5/1992
Rockie,McFetridge,19/10/1982
Jean,MacEnelly,16/11/2003
Karalynn,O'Hickey,3/2/1980
Adrian,Kolodziejski,29/5/2004
Justinn,Renwick,26/6/1988
Petrina,Pountney,25/10/1981
Emmye,Montford,12/8/1994
Court,Bambridge,27/6/1992
Kym,Strank,2/2/1981
Flossi,Stitfall,9/10/2001
Shawn,Sircomb,25/12/2000
Sean,MacArthur,26/11/1990
Heath,Wilmut,18/11/1981
Lexis,Geeritz,12/5/1988
Margi,Bolt,19/6/1987
Gunter,Gillebert,16/2/2001
Hatty,Gussin,19/5/2004
Elka,Norree,15/5/1985
Reggy,Lascelles,31/7/1986
Kain,Thornborrow,5/5/1992
Steffen,Brimming,30/9/2004
Denyse,Praundl,22/10/1992
Lezlie,Smythin,16/7/1988
Bobette,Dombrell,11/5/1984
Ciel,Astling,19/11/2003
Jonathon,Bax,11/11/1987
Joyann,Davidesco,23/9/1988
Maurita,Mountjoy,3/4/1991
Daniela,Richardeau,24/7/1982
Parnell,Imore,2/10/1992
Irwin,Heffron,18/7/1981
Rosemary,Peat,18/5/1982
Hendrik,MacSharry,5/4/1984
Lira,Berrow,14/3/2003
Shandy,Abrahams,30/6/1991
Rodrigo,Coldridge,9/7/1981
Flossie,Cockill,15/10/1984
Fabio,Milsap,7/3/1994
Sawyer,Banaszkiewicz,23/1/2001
Korie,De Biaggi,26/1/1986
Ruth,Koppke,13/10/1980
Nerissa,Barkshire,8/6/2003
Evan,Lemm,29/1/2002
Joelle,Turpey,10/10/1990
Eldin,Matthaus,16/11/1988
Lenee,Kingswood,15/9/2004
Madeleine,Vautin,3/3/1994
Pauly,Litzmann,8/1/1986
Christos,Corneliussen,22/3/1985
Theresa,Stoodley,6/10/1996
Robbert,Haryngton,8/5/1990
Thorndike,Oxlade,9/8/1985
Darin,Knok,15/11/1989
Mischa,Nappin,9/10/1991
Terrence,Henrichsen,26/9/1999
Noach,Cicccitti,18/4/1988
Casey,Palley,1/3/1997
Robbyn,Cockshutt,14/12/1992
Phil,Gronowe,18/1/1994
Hamnet,Dawidowitz,18/7/1980
Luce,Shillan,28/11/1989
Gracia,Domini,3/10/1990
Jasen,Morewood,30/5/1998
Val,Bette,29/7/2002
Diarmid,Gaywood,30/10/2002
Zacharie,Squibbes,19/6/1995
Maximilien,Bouskill,28/1/1989
Dixie,Leng,2/4/1995
Ofella,Lemary,30/9/1981
Winonah,Powlett,1/2/2002
Ermentrude,Nobbs,6/4/1998
Obadiah,Jephcott,21/12/1992
Tallulah,Worling,25/7/2001
Rutherford,Krugmann,8/4/2000
Durante,Kingescot,15/11/1988
Fredra,Stribbling,24/3/1990
Damaris,Hugk,4/9/1997
Powell,MacGaughey,10/12/1982
Annetta,Minghella,21/5/1985
Barrett,Philippe,18/4/1999
Harriett,Reimer,26/5/1991
Kerby,Santorini,28/1/1999
Gerardo,McRobb,20/9/1985
Vasilis,Gaveltone,16/6/1997
Terri-jo,Garrad,8/8/1982
Buffy,Petroff,12/10/1989
Irene,Haysman,28/4/1999
Tyson,MacMakin,5/4/1986
Scarlet,Klemz,10/10/1990
Tamra,Iacomelli,15/8/1999
Ferne,Gerold,26/2/2000
Rachele,Nicholas,22/5/1980
Olivier,Evelyn,6/11/1986
Cammie,Crawshaw,12/3/1981
Dorotea,Bertram,13/6/1984
Vonny,Silversmidt,28/11/1987
Rebekkah,O'Malley,4/8/1983
Guy,Murrie,6/5/1991
Grete,Clemenzo,24/3/1987
Cazzie,Edeler,5/6/2003
Mandie,Standall,31/7/1981
Keslie,Fishpoole,22/10/1999
Elsinore,Screen,6/1/1987
Noel,Gallahar,5/8/1993
Ulrika,Le Surf,26/3/1986
Lauralee,Van den Dael,29/7/1986
Aarika,Mainstone,25/6/1993
Gui,Gerhartz,6/10/1996
Angelia,Wingatt,5/10/1993
Rory,Daintry,17/12/1987
Abe,Dunk,24/10/1985
Malissa,Prince,7/4/1982
Dallas,Barck,17/2/1989
Devin,Brewett,12/6/1993
Wynne,Andresen,19/1/1989
Erinna,Ilyas,9/10/1990
Mellisent,Ruberti,7/4/1983
Keely,Garfoot,28/6/2003
Chadd,Juckes,23/5/1990
Tabby,Sharville,12/2/1980
Bendix,Aust,1/2/1983
Frasco,Burl,18/6/1984
Joleen,Myderscough,3/7/2002
Scarface,Conley,19/11/1999
Coralie,Benazet,15/5/1986
Bailie,Ellissen,19/1/1992
Amalea,Khomich,27/12/1995
Ario,Broschek,24/6/2000
Maible,Betke,28/5/2000
Casey,Netting,13/10/1998
Livia,Buse,19/4/2000
Verile,Sheaf,1/11/1981
Charla,Torald,10/4/1989
Vincent,Habble,26/11/1984
Josefa,Lummasana,13/2/1997
Isidora,Tatlowe,20/11/1996
Vita,Burd,14/2/2001
Cheri,Hardin,9/6/1993
Carmon,Dimmne,30/3/1982
Rick,Abercrombie,31/5/1984
Donnajean,Cherry Holme,27/5/2004
Corene,Meads,14/7/1986
Ingar,Kwiek,8/2/1998
Noble,Tookey,6/3/1994
Lidia,McKerley,24/5/2004
Estele,Lorimer,13/7/2004
Karie,Hakeworth,21/11/1981
Felicity,Rugiero,24/4/1987
Tish,Adanet,8/4/1986
Meg,Kochs,8/12/1985
Caryl,Laverick,21/5/2002
Husain,Gozzard,13/10/1994
Grayce,Antwis,17/4/1981
Hallsy,Kaysor,7/12/1991
Desiree,Sier,12/3/2004
Bartie,Hevner,19/1/1994
Tremayne,Lyndon,19/8/2004
Sharai,Grellis,7/3/1983
Jaimie,McCurdy,7/2/2000
Erin,Egiloff,5/3/1994
Dreddy,Barmby,12/5/1981
Joly,Rubbens,4/7/1995
Windy,Vondrys,18/3/2000
Agustin,Ivanyukov,7/6/1997
Vilhelmina,De Cruz,6/8/2003
Raul,Joisce,30/7/1984
Mireielle,Theze,17/4/1992
Duffy,Attwill,19/4/1991
Otes,Flowers,20/8/1997
Willie,Wetherill,27/2/1991
Beulah,Hutchcraft,1/12/1999
Carma,Baxstare,20/4/1991
Jena,Mulcock,11/3/1994
Cherye,Sirette,7/9/1995
Carlie,Harwood,13/1/1988
Gladi,Marflitt,30/12/1984
Terrill,Danilevich,6/3/1989
Eada,Dwane,21/8/1992
Nichole,Macewan,3/1/2004
Halley,Syddon,28/7/1999
Mordecai,Kaser,9/5/1988
Gail,Starcks,21/9/2001
Simon,Grivori,19/8/1995
Saunders,Haggard,25/7/2002
Rozalin,De Meis,14/10/1994
Daisie,Capun,9/11/1985
Blondie,Moodie,10/3/1983
Farica,Burleton,6/11/1997
Kelwin,Twyford,9/5/1981
Kerrie,Van der Velde,17/11/1998
Matilda,Bullivent,6/10/1995
Daffi,Kensley,19/5/1993
Hannis,Ivankovic,28/11/1982
Asia,Delcastel,1/8/2002
Rosaleen,Farnfield,12/3/2004
Pippy,Axel,22/8/1983
Augusta,Demke,8/10/1985
Maible,Bradshaw,2/6/2000
Oberon,Maurice,1/10/1992
Angeli,Harbinson,19/2/1994
Galina,Leuchars,7/4/1991
Isaac,Beebee,27/2/1983
Bucky,Lapish,18/12/1986
Rhea,Ebbotts,19/8/1990
Diandra,McCosh,20/9/1992
Lonnie,Tweedle,7/2/1987
Adele,Duetschens,7/5/1998
Jules,Garron,9/12/1986
Alma,Wint,15/4/1982
Earlie,Bodicum,28/7/2000
Auguste,Bynert,1/7/1987
Chryste,Pecht,17/3/1996
Issy,Guillard,24/8/1988
Mareah,Snassell,10/7/1980
Eliot,Beauly,13/8/2000
Dirk,Father,20/5/1981
Courtnay,Hawkeswood,25/5/1983
Darren,Hessay,28/12/1990
Blair,Arnaudet,21/7/2002
Ronald,Woodworth,12/2/1981
Erasmus,Adie,6/8/1990
Gerda,Conkay,4/6/1980
Annelise,Apfler,15/6/1993
Karim,Orritt,9/1/1998
Katherina,Stopforth,17/10/1989
Ferrel,Raffeorty,1/4/1982
Allison,Medlar,6/7/1994
Prudi,Capel,9/10/1985
Rayshell,Cramond,21/5/1983
Eirena,O'Brallaghan,31/3/2002
Darcie,Benadette,23/6/1981
Joeann,Farlow,1/10/2001
Sibel,Harfoot,19/10/1981
Steward,Dawes,23/6/1985
Zorine,Londsdale,26/11/1993
Nevile,Comettoi,5/9/2003
Parke,Whithalgh,27/5/1987
Pasquale,Trangmar,25/5/2000
Zeb,Bilham,6/2/1994
Tracee,Harber,15/7/2003
Olivie,Filtness,12/7/1988
Brandyn,Nazer,2/7/1985
Daria,Wiltshaw,25/7/1980
Else,Behling,29/2/1992
Otis,Lyst,28/3/1990
Emmott,Tewnion,22/11/1981
Karie,Bickerdicke,29/6/1980
Gonzalo,Treacy,11/8/1983
Tamqrah,Mauchlen,24/12/1993
Sloan,Hardaker,26/2/2001
Timmie,Snowding,13/3/1996
Babb,Truman,22/3/1991
Caesar,Hairsnape,30/10/1985
Forbes,Sainsbury-Brown,23/7/1990
Verge,Nobriga,3/11/1980
Aguistin,Abbado,2/9/2000
Theodoric,Nield,18/10/1985
Yelena,Raiment,13/2/1982
Charmian,Dane,23/4/1986
Inesita,Rattenbury,30/1/1985
Glenda,Elger,11/5/1997
Christos,Huriche,2/10/1999
Joann,Medgewick,1/4/2001
Cody,Kinneally,1/4/1996
Tova,Orteau,29/9/1995
Elinore,Nurny,7/10/2004
Hobard,Berthe,5/7/1991
Myrtle,Cawthera,17/6/1993
Gennifer,Peeke,19/11/1985
Patricio,Rillstone,25/8/1985
Sephira,Flarity,21/9/1981
Alayne,Chidlow,30/1/1987
Xylina,Chmarny,7/10/2000
Frankie,Willcock,11/4/1996
Klara,O'Duane,21/11/1989
Artemis,Waddilove,10/11/1986
Mella,Chalice,19/7/1998
Sasha,Poulglais,12/2/1996
Vinita,Auston,21/10/1993
Janey,Navein,8/12/1990
Jonathan,Cracker,9/5/1982
Mireielle,Frangleton,23/12/1986
Bax,Digle,10/4/2002
Shurlocke,Atcock,18/4/2003
Ninnetta,Mace,24/9/1998
Avril,Sharpless,4/11/2004
Melissa,Hutchens,30/6/2004
Nicolas,Sheehy,15/4/1996
Irma,Lartice,6/1/1984
Terza,Toffanini,15/1/1999
Loralyn,Redholls,5/10/1992
Aida,Dohrmann,15/12/1990
Garrott,Farn,5/12/1990
Glenna,Nason,1/11/1997
Abel,Hunston,5/12/1980
Maye,Clother,16/7/1994
Shea,Oen,28/1/1986
Alvinia,Stairs,24/4/1998
Alexandr,Dooly,22/1/1987
Katusha,Searston,28/6/2002
Caitrin,Quixley,22/1/1999
Augustina,Knott,12/2/1984
Elinore,Steabler,1/5/1994
Pernell,Balch,5/4/1995
Der,Annies,9/11/1985
Bertrando,Gantley,16/8/1993
Rica,Robertacci,25/7/1996
Tully,Andrews,15/11/1984
Annice,Piddletown,29/5/1988
Elaine,Adamski,4/1/1989
Madge,Ginsie,8/4/1997
Persis,Cathrae,26/7/1984
Denver,Satyford,10/11/2004
Skye,Pearman,13/2/2004
West,de Wilde,25/11/1988
Linell,Baskerfield,4/10/1991
Delores,Murrhaupt,23/11/1992
Chariot,Faccini,27/9/1989
Madelle,Dwyr,19/6/1998
Kinna,Hussell,9/11/2000
Olin,Luetkemeyers,30/10/2003
Vern,Reskelly,8/5/1980
Ellerey,Harcombe,18/3/1994
Devy,Kitchingman,22/10/1987
Kassey,Weatherley,4/8/1998
Davidde,Dobeson,18/1/1989
Nollie,Worsalls,17/5/1995
Robyn,Bickerdyke,6/8/1990
Odell,Cust,25/1/2002
Rowena,Lotherington,14/10/1981
Yankee,Bellanger,1/4/1998
Tessy,O'Towey,11/10/1995
Nathanial,Badini,17/7/1981
Dasi,Skechley,25/9/1993
Bernita,Niche,9/5/2002
Abagael,Coronado,3/12/1987
Brandon,Gartland,30/4/1982
Blanca,Antrum,4/1/1980
Dare,Ventham,19/4/1997
Alvan,Josef,9/11/1989
Gavin,Cannicott,1/12/1999
Idalia,Gawkroge,29/1/2004
Correy,Foxall,19/12/2000
Yancy,O'Harney,5/11/2000
Noel,Gerler,29/10/1997
Gerry,Hadlee,9/11/1992
Byron,Dahlborg,22/3/2000
Carolann,Neljes,15/1/1980
Waly,Delcastel,11/6/1992
Rodger,Roberti,23/11/1984
Winnie,Glowacz,25/7/1987
Jobie,Markl,18/12/1984
Johnathan,Cicci,19/4/1980
Emmery,Huscroft,23/1/1983
Jay,Towl,21/6/2003
Linnet,Murgatroyd,24/9/2001
Ali,Drissell,3/3/1988
Gilberta,Marrian,17/3/1995
Patrizio,McCleary,21/10/1997
Koral,Osmint,24/10/1980
Fancie,Chrystie,8/5/1994
Darell,Wealleans,10/11/1996
Heidie,Atwater,22/8/1984
Happy,Scatcher,8/10/1986
Tyrone,Lockney,25/8/1982
Kennith,Stobbs,12/12/1995
Anderea,Sparey,19/6/1982
Gerianna,Rutledge,18/4/1996
Sibelle,Kienle,11/2/1981
Suzi,Joyson,5/3/2002
Padraic,Clarage,28/4/1991
Sarge,Winman,28/3/1999
Garreth,Howling,3/9/1993
Allin,Kundt,1/8/1984
Carey,Laise,8/7/2002
Ernaline,Baskerfield,17/3/1987
Arabella,Huckstepp,30/5/2003
Heath,Semken,4/10/1981
Lucho,Travis,1/12/2003
Heriberto,McColm,10/7/1990
Abra,Beavers,22/1/1994
Homere,Gavagan,15/12/1993
Prent,Gane,11/9/1999
Doris,Hazeup,4/5/1986
Michal,O'Nions,13/6/1989
Aylmer,MacNockater,23/10/1997
Angelita,Forstall,5/8/1990
Verile,Seamer,15/12/1984
Tedman,Hymus,13/1/2003
Kilian,Olland,11/9/1996
Chen,Allibon,11/10/1985
Chelsae,Halgarth,16/8/2002
Lianne,Haley,18/11/1989
Lesley,Ashling,1/8/1981
Tiff,Coggings,2/10/1981
Lorilee,Tewelson,15/5/1987
Krista,Bourley,14/2/1982
Loreen,Fetherston,28/10/2002
Laraine,Francescotti,26/8/1999
Tim,Titterrell,14/3/1982
Vasilis,Garms,2/12/2003
Gearalt,Keerl,14/9/2001
Cam,Grealey,11/8/1985
Barbra,Faux,23/9/2002
Terra,Deverale,22/3/1994
Zebulen,Shave,28/1/1999
Jacquette,Saunier,27/6/1995
Shir,Maxstead,16/11/1984
Merna,Lattin,23/10/1981
Allan,Jirek,29/5/1987
Jen,Briddock,11/3/2004
Emilia,Coda,13/8/2000
Clemmie,Shetliff,29/3/1986
Luther,Trevett,17/4/1994
Zelda,Lambourne,2/11/2002
Obie,Llywarch,30/1/1998
Aubrey,Albasiny,27/6/2004
Val,Ivachyov,26/9/1997
Gerhardt,Donaher,31/1/1988
Grange,Sparshatt,2/1/1997
Thornie,Lince,25/12/2001
Nat,Pantling,18/2/2004
Conni,Toderbrugge,25/5/1993
Abbie,Petre,3/9/1993
Florance,Broadbridge,26/12/2003
Fidole,Geroldi,18/8/1985
Aylmer,Keirl,17/4/1982
Garrek,Matterface,19/4/1998
Kendricks,Light,27/11/1982
Miner,Stockney,21/6/1997
Galvan,Hazell,19/11/1991
Blanch,Janout,24/6/1981
Marieann,Robbeke,11/9/1984
Kimbra,Brockherst,21/11/1991
Joy,Vase,12/1/1992
Essy,Gotts,11/7/1993
Dudley,Glasbey,27/2/1980
Dalis,McCulloch,3/2/2000
Harmony,Sandaver,18/10/1991
Merna,Coupar,28/1/1994
Flor,Kensy,8/7/2003
Fredrick,Pitkeathly,23/8/2001
Dave,Mitford,17/12/1992
Arte,Kilbane,11/3/1991
Casandra,Copo,3/1/1991
Chastity,Betun,31/3/1983
Clevey,Boutellier,12/3/1995
Erich,Bryant,1/10/1982
Amanda,Silvermann,10/4/1994
Douglass,Hoffmann,26/6/1998
Sayers,Furbank,19/2/2001
Karla,Trustrie,17/8/1998
Aurora,Meaney,1/10/2003
Gherardo,Manzell,20/5/1983
Eddie,Hannaford,18/2/2001
Allard,Guiducci,16/9/1980
Edgard,Kinman,21/5/1997
Josh,Cornels,10/7/1991
Josi,Wyllie,29/10/2004
Amandi,Storrs,17/4/1997
Uta,MacCafferty,1/9/1992
Eugenio,McMackin,7/8/1991
Fayette,Symcoxe,15/2/2004
Perl,Dowker,16/6/1981
Robinett,MacIlwrick,1/10/1985
Eustace,Casella,24/9/2000
Celia,Fryman,12/1/1981
Ruthanne,Bysouth,1/7/1982
Reggi,Gedge,10/6/1991
Analise,Birley,10/8/1998
Paige,Ceci,6/6/1982
Mikol,Casillis,28/3/1983
Jammie,Reidie,6/10/1987
Briney,Greatbank,13/2/1991
Laural,Fredi,22/3/2003
Lu,Wheelton,9/9/1986
Charlene,Burgen,12/3/1986
Kimberlyn,Carwithim,7/3/1987
Arlen,Vallow,22/10/2004
Benoit,Olivari,30/8/1995
Fields,Obbard,4/4/2002
Camilla,Maciunas,5/3/1987
Axe,Godsell,20/3/1991
Noelani,Tumpane,13/5/1987
Corenda,Coppock.,27/8/2001
Orson,Prier,19/5/1980
Katuscha,Janicijevic,30/4/1989
Shanie,Creyke,29/1/1988
Harlie,Leber,22/2/1995
Gregor,Spleving,6/10/1988
Aarika,Whate,10/12/1995
Fremont,Aveyard,13/7/1999
Hadleigh,Godspeede,14/8/1992
Loren,Gieves,24/4/1982
Hercule,Baszkiewicz,20/1/1989
Lyndsey,Howland,14/12/2003
Blinni,Pankhurst.,5/6/2003
Anthiathia,Boig,6/8/1986
Marcelline,Mishow,6/8/1989
Raimund,Gounard,27/11/1996
Aime,Shalcras,8/5/1997
Marcia,Domm,3/9/1981
Nels,Bettenson,24/2/1994
Glenna,Grundle,15/12/1994
Dian,Benardette,9/8/1980
Bing,Klossek,16/1/2003
Avigdor,Elward,25/4/2002
Coop,Sorel,8/2/1992
Andie,McGregor,13/4/2000
Ricky,Kinnane,6/5/1987
Winifield,Pershouse,10/8/1989
Zorana,Connichie,21/11/2001
Cleon,Pellissier,2/2/1993
Win,Pretsel,22/12/1996
Freddy,Alexander,12/4/1984
Kenna,Buddle,25/12/2003
Jaimie,Anstis,4/9/2001
Leicester,Tremlett,10/11/1982
Bordie,Union,24/12/1993
Thorsten,Kobisch,9/2/2003
Vale,Antonietti,14/2/1997
Neysa,Cracie,15/10/1998
Jacobo,Iacopetti,30/7/2004
Briney,Matzeitis,30/7/1997
Livy,Walbrun,4/8/1987
Evangelia,Clarson,28/1/2000
Bessie,Stagg,14/11/1992
Lock,Maro,7/4/1986
Helsa,Villa,1/10/1988
Kailey,Vanyatin,6/7/1989
Arty,Nitto,1/9/2003
Monah,Athridge,19/7/1996
Hermy,Bugdall,25/12/1994
Lucian,Boud,4/3/2003
Drud,Purdon,30/5/2000
Fanchon,Dobsons,31/12/1995
Edwin,Somner,26/8/1986
Amalee,Pyburn,25/2/1995
Spense,Cheyenne,24/7/1985
Euphemia,Dutson,27/12/1985
Thacher,Yell,26/6/1983
Tirrell,Cobb,11/4/1997
Evelyn,Dunkinson,8/9/1980
Griffie,Priel,20/3/2003
Bride,Inglefield,20/3/2002
Vale,Shoebottom,9/4/1986
Currey,Jaqueme,17/12/1985
Vanni,Rollin,26/10/1985
Kata,Pinckney,2/9/1986
Maddi,Fayne,9/11/2004
Sterling,Bidgod,11/8/1994
Dru,Krink,29/10/1983
Bartholomew,Pasek,26/1/1983
Pedro,Readshaw,31/7/1998
Timmy,Llop,23/1/1991
Gussi,Cheesworth,9/2/1988
Salomi,Gatty,24/1/1986
Davie,Corse,6/10/1995
Evered,Laugherane,24/7/1988
Gran,Dittson,16/9/2001
Victoir,Yerbury,1/1/1980
Ameline,Doone,24/12/1989
Ernest,Nials,31/8/1999
Millard,Chatin,8/1/1983
Florella,Goburn,14/2/1994
Libbey,Dudny,21/10/1988
Sophi,MacGiany,5/12/1981
Pepito,McBrady,4/12/1982
Callie,Abramof,29/4/1996
Constantina,Peacher,20/1/2004
Kari,Lovelace,24/2/1990
Steward,Francis,27/1/1981
Darrick,Grisewood,14/2/2004
Graeme,Grinvalds,29/12/1991
Zonda,Byram,25/11/1993
Guenna,Luscott,5/3/1981
Jamaal,Mattiacci,30/8/1985
Korie,Thundercliffe,25/9/1990
Ginnifer,Hunnywell,11/6/1992
Alphonso,Duxbarry,7/6/1982
Demetris,Rugge,5/1/1986
Darryl,Gebbe,20/2/2000
Joy,Pfeffel,20/2/1982
Elwira,Adamthwaite,27/9/2003
Chicky,Killich,21/12/2003
Baryram,Maus,30/11/1991
Nikaniki,Babb,13/12/1986
Nicolle,Speer,4/1/1990
Chrotoem,Miere,17/10/2000
Kathleen,Alishoner,18/7/2001
Milo,MacVicar,21/6/1999
Chris,Langstaff,5/7/1988
Camel,Henke,31/5/1999
Teddie,McWhin,28/7/2004
Gareth,Gaythor,17/11/1998
Barnett,Runacres,5/3/2001
Giles,Aisthorpe,21/6/1980
Nan,Sommerfeld,13/6/2002
Jo-anne,Baldock,19/8/1980
Jaime,Isaacs,6/4/2002
Fidelio,Beesey,29/9/1989
Mira,Hovell,26/5/1985
Wilek,Lanney,1/3/1995
Gae,Ridel,28/10/1989
Aurea,Lockner,21/8/1982
Crystal,Fishburn,1/6/1995
Abagael,Gantley,15/3/2001
Sigfried,Posselwhite,12/10/2004
Joceline,Chatt,22/11/1988
Kinny,Asling,2/8/1986
Dame,Stenbridge,25/7/2000
Desiree,Dugall,15/5/2002
Kylynn,Capozzi,5/12/1992
Normy,Bloore,10/4/1989
Bevin,Dormon,27/2/1995
Denise,Montier,20/2/1991
Claudia,Sedwick,15/12/1987
Carma,Frankcombe,17/8/2004
Hagen,Shorte,15/10/1993
Brion,Corish,13/1/1989
Lonnie,Catonne,6/8/1993
Esmeralda,Greenleaf,26/4/1990
Ferguson,Dominiak,17/6/1992
Billi,Hovee,31/1/2001
Waylan,O'Doghesty,22/9/2000
Papagena,Fasson,24/10/1994
Gilberta,Abrahart,29/9/1992
Elsinore,Traves,5/4/1992
Melinde,Richichi,5/12/1995
Clifford,Blacklock,28/8/1999
Wileen,Sculpher,16/7/1994
Garnet,MacGeaney,31/3/1990
Jessalin,Avraam,19/2/1984
Cyrus,Stevenson,26/5/1997
Maddy,Barrowcliff,5/9/1989
Aprilette,Lindelof,6/1/1996
Shelby,Mc Caghan,26/11/1995
Sheryl,Sturgess,10/10/1989
Phyllys,Everingham,10/12/1999
Wilona,Tansey,1/5/1992
Krysta,McBeth,23/7/1988
Paulie,Gallardo,27/8/1991
Benedetto,Reboul,1/10/1983
Mead,Hassen,16/7/2002
Neel,Exrol,7/8/1995
Omero,Petrecz,3/3/2003
Angel,Chatband,1/9/1988
Leodora,Nelius,25/5/2003
Virgil,Riggeard,4/10/1984
Marne,Corrie,22/12/1996
Ardine,Lovick,29/7/1988
Allina,Beresfore,11/3/1988
Garold,Gatty,13/4/1981
Brit,O'Cannan,13/10/2003
Anneliese,Duckwith,28/5/1987
Penn,Whybrow,1/3/2004
Norean,Lardeux,21/12/1990
Weider,Feare,10/5/1993
Concettina,Ewestace,17/7/1981
Hunfredo,Schachter,7/11/1991
Catlee,Sammonds,18/6/2004
Siegfried,Leigh,6/7/1994
Dal,Speedy,25/1/1980
Karie,MacAlester,25/9/2003
Rodd,Van Oort,7/7/2001
Serena,Casini,15/9/2002
Flory,Creavin,9/1/1993
Tuck,Beacroft,14/1/2000
Alvan,Wasselin,12/10/1992
Berni,Calbert,3/10/2001
Mitchell,McGrill,17/6/1990
Hallie,Audiss,1/8/2003
Casandra,Cheetham,2/1/2001
Lucina,Roddy,16/12/1989
Willi,Lillegard,6/3/1998
Meta,Dallaghan,4/9/1994
Blanca,Skirlin,18/9/1995
Amata,Duran,12/6/1992
Dion,Belford,20/7/2004
Kally,Staddon,14/7/1987
Lacy,Roscrigg,3/2/1980
Waverly,Kunkel,25/10/1997
Tawnya,Croker,24/7/1993
Skelly,Tabner,22/2/2003
Kizzie,Caplen,12/5/1999
Natka,Fenelon,28/8/1982
Milissent,Tyndall,27/11/1994
Ameline,Ralton,27/7/1990
Magdalena,Gozzett,4/10/1994
Cybil,Piniur,28/7/2000
Doralin,Antalffy,19/6/2003
Maggy,Raper,3/3/2002
Lewiss,Caldera,4/9/1987
Hortensia,Frend,30/10/1988
Anson,Povah,26/1/1995
Bink,Scholar,6/7/1980
Virginia,Linstead,2/11/1991
Christiana,Kynman,18/1/1991
Aubine,Marwood,14/3/1994
Urban,Tryhorn,4/1/2001
Kamila,Bordman,7/10/2001
Arlinda,Menat,18/1/1995
Eugenia,McClelland,7/10/1998
Bree,Pughe,4/9/1983
Caril,Joyes,3/6/1986
Roderich,Kigelman,17/1/1985
Carolee,Lyburn,2/7/1988
Zachery,Crofts,10/5/2001
Terry,Pedrol,18/4/1980
Fania,Trumble,15/12/1997
Hally,Sherrington,7/2/1989
Noni,Paish,7/9/1998
Codi,Martynov,9/10/1999
Doralin,McGuffog,6/8/1990
Griffy,Gamet,3/10/1992
Portia,MacGovern,13/12/1984
Dav,Clell,3/3/1982
Cece,Lynnitt,22/11/1990
Liva,Murtell,13/5/1981
Seumas,Valois,15/1/1990
Ula,Flett,23/8/2003
Cariotta,Sporgeon,8/10/2003
Delmer,McCorkell,21/5/1983
Virgie,Dobey,14/12/1995
Stephannie,Woodrow,3/12/1994
Lauree,Yushin,7/5/2000
